idx,va_hex,data_off_hex,size,first_8_hex,sha1_short
0,0x083eb850,0x052850,488,000011000800c900,0c4914f901dd
1,0x083eba38,0x052a38,2080,a300ad002d014301,182a96da0b02
2,0x083ec258,0x053258,2664,0000220018000600,1c59b383300d
3,0x083eccc0,0x053cc0,136,10001b0024002f00,9bd2b02bd133
4,0x083ecd48,0x053d48,800,00000a0015001e00,67c6f409bd57
5,0x083ed068,0x054068,1080,00000b0041003a00,18b56a5f41da
6,0x083ed4a0,0x0544a0,4192,5205ff0361056e05,be592f81f1e9
7,0x083ee500,0x055500,1264,00000d0057006100,1cf907e15522
8,0x083ee9f0,0x0559f0,48,000018001f000600,8a3170039419
9,0x083eea20,0x055a20,40,000007000f001700,cd226f29694f
10,0x083eea48,0x055a48,896,0900000015002500,9eef6777fa02
11,0x083eedc8,0x055dc8,4112,00000a0016002300,94eca886aac0
12,0x083efdd8,0x056dd8,4032,1800e00000000800,6e20980b028d
13,0x083f0d98,0x057d98,3816,a100070315031e03,f731251a5aaf
14,0x083f1c80,0x058c80,2592,300342034f035e03,6dcfe85484ba
15,0x083f26a0,0x0596a0,4192,7d048b049a04ab04,6d2fcd3a7b72
16,0x083f3700,0x05a700,2120,00000b001b002a00,2dd18fe3ef3c
17,0x083f3f48,0x05af48,1624,270000000d001c00,282fa9d3a2ed
18,0x083f45a0,0x05b5a0,1696,7d0491044b055b05,e06794ba9580
19,0x083f4c40,0x05bc40,4848,06030f0321032803,82b9f05975cb
20,0x083f5f30,0x05cf30,3280,4b083b000e002500,d9abd92da533
21,0x083f6c00,0x05dc00,6784,4b01390129012614,7f8a79fb621f
22,0x083f8680,0x05f680,1616,fc002c015c01a401,2ad67e6d20ba
23,0x083f8cd0,0x05fcd0,1496,960073008b006b00,2f89aaf3b912
24,0x083f92a8,0x0602a8,280,b60047009e002300,ba174e360bab
25,0x083f93c0,0x0603c0,2072,d10000000a001700,ab69facdee6d
26,0x083f9bd8,0x060bd8,616,1f000a0000001500,8f56198b218b
27,0x083f9e40,0x060e40,2840,1600660763010702,6d8ec9cb6109
28,0x083fa958,0x061958,3136,500425047c064204,2e8639ac3a21
29,0x083fb598,0x062598,3216,1803f50335013b05,4ca6ccf58f0f
30,0x083fc228,0x063228,3280,bb0886006601ab00,b7f40308a263
31,0x083fcef8,0x063ef8,3368,3a02bb05f307a002,63d50594acfa
32,0x083fdc20,0x064c20,3424,bd07a2094308a706,97a3ca818d56
33,0x083fe980,0x065980,3392,8e042d06f5097600,0b1fbc10485c
34,0x083ff6c0,0x0666c0,3496,2a041608c7078908,55e3683427fd
35,0x08400468,0x067468,3408,bd057a0682034703,028919f5a1e9
36,0x084011b8,0x0681b8,3376,a8079406bf003407,9048dd83a6cd
37,0x08401ee8,0x068ee8,3704,0000090029001100,bd2b53f7ba80
38,0x08402d60,0x069d60,3672,5306a7060909b405,ed5c643b860a
39,0x08403bb8,0x06abb8,3816,f20800090e092009,1c7823fb0f84
40,0x08404aa0,0x06baa0,3672,6a05720580058e05,3eef9760aaed
41,0x084058f8,0x06c8f8,3824,fa0409054a045604,420473ee6e28
42,0x084067e8,0x06d7e8,3712,fc08090917098c09,411f83d12313
43,0x08407668,0x06e668,3672,6d027a02fc020603,3f1469548012
44,0x084084c0,0x06f4c0,3776,10081c0829086708,a871b6405c13
45,0x08409380,0x070380,3712,6f087b0587059305,f62476ca478c
46,0x0840a200,0x071200,3768,84040e0518052705,fbc5aa199d26
47,0x0840b0b8,0x0720b8,3616,110000001e002900,6b710f75600f
48,0x0840bed8,0x072ed8,3720,7b06c706d206de06,ac25fb376140
49,0x0840cd60,0x073d60,3696,00000b0078008200,b8ce46910923
50,0x0840dbd0,0x074bd0,3680,3700460097008a02,2df02c2533de
51,0x0840ea30,0x075a30,3800,f70200000f002d00,d15941d203e8
52,0x0840f908,0x076908,3736,000010002d001700,edec81e5b235
53,0x084107a0,0x0777a0,3816,dc0afb0aea0a070b,654802583e44
54,0x08411688,0x078688,3720,9705a305d405e205,2f953dabde2f
55,0x08412510,0x079510,3848,3a0048006f007d00,cdea23d5c283
56,0x08413418,0x07a418,3784,2e04390448043a07,7ec01d74693c
57,0x084142e0,0x07b2e0,3696,cf0a71077a078807,9562c61f1cfa
58,0x08415150,0x07c150,3768,6f0bd30bdc0be80b,4f63cc636f2e
59,0x08416008,0x07d008,3880,00000e001c002a00,5b9127197b64
60,0x08416f30,0x07df30,3632,15006e007a000000,a31483c0e829
61,0x08417d60,0x07ed60,3816,da09f409e609010a,63b1ca013c4d
62,0x08418c48,0x07fc48,3728,750082009100be00,09a44730e8d7
63,0x08419ad8,0x080ad8,3896,6a0c7a0c870c930c,053cb87ff77d
64,0x0841aa10,0x081a10,3648,ce01dc0100000e00,d2a84ff98daf
65,0x0841b850,0x082850,3792,b202c202d002db02,7ed272517d16
66,0x0841c720,0x083720,3752,b109300b3b0b4a0b,56dc93cac9af
67,0x0841d5c8,0x0845c8,3736,840000000c001600,e9e5970b7a1b
68,0x0841e460,0x085460,3696,51005e0086009100,dab6a6e779ae
69,0x0841f2d0,0x0862d0,3736,750af30a010b0e0b,069e53769b01
70,0x08420168,0x087168,3736,2a033a0344037803,adc42265881c
71,0x08421000,0x088000,3800,bf01cd0100000c00,f57a4854562d
72,0x08421ed8,0x088ed8,3808,00060a065706c308,4f4d6b9c45de
73,0x08422db8,0x089db8,3752,ee09f909070a160a,276b99f6eda7
74,0x08423c60,0x08ac60,3672,9902e20028011300,d8af8a3a5a92
75,0x08424ab8,0x08bab8,3800,4b075707c2071e08,dcfb7291afa3
76,0x08425990,0x08c990,3928,3a0000000f001d00,108e9c4885fd
77,0x084268e8,0x08d8e8,3720,5e0000000e001a00,2994cd06a8bf
78,0x08427770,0x08e770,3856,400b4f0b5b0b6d0b,c1277292fe19
79,0x08428680,0x08f680,3704,dc0ae80af60a030b,6d612f18ec0d
80,0x084294f8,0x0904f8,3696,250452045c043204,9724331cabd0
81,0x0842a368,0x091368,3768,db00e700f5000c01,811275e69d6a
82,0x0842b220,0x092220,3808,00000c0019002800,43c7720c5281
83,0x0842c100,0x093100,3808,6a00750091008200,70ac91de379a
84,0x0842cfe0,0x093fe0,3648,00000e001b002a00,2b81405d2570
85,0x0842de20,0x094e20,3856,ae02bc02c702d102,93dc450f2b5e
86,0x0842ed30,0x095d30,3664,000036000b001700,a375904a5b1d
87,0x0842fb80,0x096b80,3768,d20510071c072907,139a00f57f83
88,0x08430a38,0x097a38,3880,0000090024001700,1d48089e8eb2
89,0x08431960,0x098960,3640,00001c004b000e00,7d5132e6c46d
90,0x08432798,0x099798,3736,5e016b0177018201,e7fc39b63a8b
91,0x08433630,0x09a630,3776,5b04670474048004,a81a7124e6b6
92,0x084344f0,0x09b4f0,2200,d605e305b604ef04,a027af518cbb
93,0x08434d88,0x09bd88,3504,2606e0096003bb01,94d4c82d5387
94,0x08435b38,0x09cb38,3480,12096f02ac094e04,cfd99b172982
95,0x084368d0,0x09d8d0,3488,1a045d009c030b02,375bc3e882d7
96,0x08437670,0x09e670,3488,f706c807bd09c909,66ee50ca4521
97,0x08438410,0x09f410,3520,0d03b704e006d007,03008883f2d7
98,0x084391d0,0x0a01d0,3568,0501030aee006e0b,523d7de7a6a8
99,0x08439fc0,0x0a0fc0,3528,3308dc064a095600,89bd05feb6a3
100,0x0843ad88,0x0a1d88,3544,45007d028a022100,0e3705c320df
101,0x0843bb60,0x0a2b60,3520,ae0bb0038f00a103,e5f434bcd128
102,0x0843c920,0x0a3920,3568,bf071e094b060204,ad64723d2265
103,0x0843d710,0x0a4710,3536,6808580853046604,ad381bb61d6d
104,0x0843e4e0,0x0a54e0,3624,e4008a049402b600,602f9c7e8e23
105,0x0843f308,0x0a6308,3624,9f0bb7071b049809,b99007c9098b
106,0x08440130,0x0a7130,3576,fb021107e50af406,10c0e0dc324b
107,0x08440f28,0x0a7f28,3616,54035d0332054103,59b51358b9b6
108,0x08441d48,0x0a8d48,3576,3805450501034f05,0a3e4b38f634
109,0x08442b40,0x0a9b40,3520,c702b409c4096700,1d5c478fedc4
110,0x08443900,0x0aa900,3592,6f06570664096206,c9a2d9035026
111,0x08444708,0x0ab708,3592,6e0300007f035506,4829ff1db2b9
112,0x08445510,0x0ac510,3656,750ac103d203f906,d0361c4771fa
113,0x08446358,0x0ad358,3584,6f05de09ea09a501,9955ce98144e
114,0x08447158,0x0ae158,3640,db0ae306640a7106,676215d19133
115,0x08447f90,0x0aef90,3576,a90b9602c60b7502,75d3a453c3c1
116,0x08448d88,0x0afd88,3552,df07a40b70078207,b82575045044
117,0x08449b68,0x0b0b68,3600,a10809041604af08,87a15989d81e
118,0x0844a978,0x0b1978,3576,cc01fe019101a101,3d5ceb1a6443
119,0x0844b770,0x0b2770,3648,5700a10036006606,44cea1a21c5e
120,0x0844c5b0,0x0b35b0,3616,ae06a8009606b600,11ce8f67612b
121,0x0844d3d0,0x0b43d0,3608,42094c09be094e02,0dc02b0d0c9e
122,0x0844e1e8,0x0b51e8,3568,e803d803760a850a,a09d1eca79ac
123,0x0844efd8,0x0b5fd8,3624,12051a0527053405,3dec2c782955
124,0x0844fe00,0x0b6e00,3656,910036099f006400,eb529519c3de
125,0x08450c48,0x0b7c48,3656,5706eb05f7050506,f32b383bb626
126,0x08451a90,0x0b8a90,3624,c2024e0260026f02,3f9a0d1464c2
127,0x084528b8,0x0b98b8,3672,780896088708a408,5e67421c4107
128,0x08453710,0x0ba710,3600,7a05870593059f05,59fd78c016ce
129,0x08454520,0x0bb520,3616,0903170326033203,c12b27122fdd
130,0x08455340,0x0bc340,3608,6f000d0140005200,6d9fc8cea532
131,0x08456158,0x0bd158,3616,36004100ba001d00,a314c1eec34f
132,0x08456f78,0x0bdf78,3680,3f0ac20ab00afb09,57e34129e027
133,0x08457dd8,0x0bedd8,3640,440a530abc09af09,934f73edb068
134,0x08458c10,0x0bfc10,3688,2c0b1d0b3a0b460b,e081a841c17f
135,0x08459a78,0x0c0a78,3624,310247023d026202,acc121ede3cd
136,0x0845a8a0,0x0c18a0,3648,0c00180028004f00,2e1494ecf76d
137,0x0845b6e0,0x0c26e0,3576,2002150322030402,fdd078ceadc1
138,0x0845c4d8,0x0c34d8,3696,a606b406cb05d505,3f13ff408145
139,0x0845d348,0x0c4348,3616,db08f608bb08c708,7863571a7e0e
140,0x0845e168,0x0c5168,3728,1d022e023a024602,b827d48ac335
141,0x0845eff8,0x0c5ff8,3600,0b01a801e400da00,45bba5493cad
142,0x0845fe08,0x0c6e08,3720,1a08f208ff08d207,1706413ae514
143,0x08460c90,0x0c7c90,3680,4c01ef013b015b01,c004c7285677
144,0x08461af0,0x0c8af0,3736,8f0488059a05f003,255fd83e437d
145,0x08462988,0x0c9988,3592,3d01490153015d01,6c2b7b68121a
146,0x08463790,0x0ca790,3616,cf01b102c002b401,3e949752e447
147,0x084645b0,0x0cb5b0,3656,d60be00bee0bfb0b,9820f1036e93
148,0x084653f8,0x0cc3f8,3640,bd00000016000c00,a6bbdfe304ec
149,0x08466230,0x0cd230,3720,bb0b120b1b0b280b,ffb2a6c96433
150,0x084670b8,0x0ce0b8,3704,2700360000000b00,56c125e8df21
151,0x08467f30,0x0cef30,3664,790484049803b103,d125872c4d0a
152,0x08468d80,0x0cfd80,3608,ea011f03a5019a01,cade99f712e4
153,0x08469b98,0x0d0b98,3736,b201bd01cc01dc01,3e039d1c77da
154,0x0846aa30,0x0d1a30,3704,5f0650075d076b07,869c7ac6d42c
155,0x0846b8a8,0x0d28a8,3632,3c024a0295025602,0d1bf70812fb
156,0x0846c6d8,0x0d36d8,3640,e001730180018a01,1f64b95bcd28
157,0x0846d510,0x0d4510,3720,11011e0154026202,4456bf7bef29
158,0x0846e398,0x0d5398,3576,f202fe020c032e03,7680c2c5e85d
159,0x0846f190,0x0d6190,3584,c10ad10ade0a3a0a,dc99c6706b26
160,0x0846ff90,0x0d6f90,3688,be00cb00d600e400,93b43dcebfea
161,0x08470df8,0x0d7df8,3648,d601e701f6014602,c288d9efa5a9
162,0x08471c38,0x0d8c38,3720,670c840cfb0b060c,378ef47cdd5d
163,0x08472ac0,0x0d9ac0,3712,0d00160000002100,5ad266438f1c
164,0x08473940,0x0da940,3632,360000000e001b00,89e9ac5836e7
165,0x08474770,0x0db770,3704,72008700c300d000,0c5a926f20bf
166,0x084755e8,0x0dc5e8,3672,010781088d082906,a61c5130a571
167,0x08476440,0x0dd440,3736,c3069e06a806b806,1dabb730c7fe
168,0x084772d8,0x0de2d8,3616,a500b000bd00ce00,c03f4ecf8c5f
169,0x084780f8,0x0df0f8,3752,00005d016b017701,4333ce4cec92
170,0x08478fa0,0x0dffa0,3736,750486049304b206,2d93062625dc
171,0x08479e38,0x0e0e38,3728,48048104cf055d04,66b1a25f78f7
172,0x0847acc8,0x0e1cc8,4096,2a00390042004f00,796cb93cc47b
