idx,va_hex,size,first_8_hex,sha1_short
0,0x0847bb58,48,04180f0009180f00,258542d20d9b
1,0x0847bb88,452,010c18020003150c,5d0e0bb3f665
2,0x0847bd4c,28,0d040c00191e1500,97a39f16173c
3,0x0847bd68,1516,060b04051a00060b,d7bfeddae41a
4,0x0847c354,44,4902140049031400,5d45fec41ed3
5,0x0847c380,92,01151e1a10031549,e317429d556e
6,0x0847c3dc,12,0d031912000d1803,5c482de42491
7,0x0847c3e8,176,0b01131304041500,c7bbd68dc53d
8,0x0847c498,48,01151a000515031a,7c5c70d4ca24
9,0x0847c4c8,144,010c0c030d02151a,8e2ad12f9462
10,0x0847c558,136,0b04150d000b0415,fa2c838d7199
11,0x0847c5e0,64,0b031a0218000d18,52d3c89c08b0
12,0x0847c620,80,010c0c0405151a00,46e4d6937a12
13,0x0847c670,56,011d00011d02000c,016635b20bde
14,0x0847c6a8,72,0b050f000c100114,7122969de77a
15,0x0847c6f0,72,0b011512000b011a,4c06e1935cf7
16,0x0847c738,52,0d04050b1302000e,897f864a4a09
17,0x0847c76c,52,041602150218000c,4195822a12c3
18,0x0847c7a0,48,011d00011d02000b,cfe8df39aa78
19,0x0847c7d0,68,0b01150d000b0518,3e97e4489593
20,0x0847c814,68,011a1a041815021e,6e58ba497b62
21,0x0847c858,120,0113011814000115,8dd2d09dc840
22,0x0847c8d0,136,03151916020c1a03,0dba11aa7b2d
23,0x0847c958,80,0c04140b000d1803,b05b577ef24a
24,0x0847c9a8,72,0b050c12021a000c,81a054ceddec
25,0x0847c9f0,100,0b18020112000b18,fc185639ebda
26,0x0847ca54,36,0b011902000f040d,ab96aef6f785
27,0x0847ca78,52,160113010c020016,878f9f0105e7
28,0x0847caac,52,0c01181803021800,a2aebcb8c9b0
29,0x0847cae0,52,0c10011902000c13,50b78ba97e1c
30,0x0847cb14,60,0b18011202000f01,5da0f252d487
31,0x0847cb50,76,010c0c04180d0001,6ac93eeb0882
32,0x0847cb9c,52,04051a010f02000b,6668c7621bde
33,0x0847cbd0,48,01130b0514000b18,65b037667703
34,0x0847cc00,88,0c0415190c030405,b63561050dab
35,0x0847cc58,64,0115031401130005,9698d33bb62f
36,0x0847cc98,68,0b13041c0218000e,cb107d97c859
37,0x0847ccdc,44,0c04141613021d00,3f37c3ad81f7
38,0x0847cd08,32,0b010b1e000c0404,fbbd45242cdb
39,0x0847cd28,128,010d1105191a0418,caebcf9ab27c
40,0x0847cda8,76,010c0c030d02151a,61c63d432a90
41,0x0847cdf4,44,0515031a000c0113,e275c8b47631
42,0x0847ce20,160,030c02000b050c12,7cde2d98fad4
43,0x0847cec0,48,0b0215020e031a00,b2ddc6f86a32
44,0x0847cef0,664,0115011a04141e00,5be5e4643eb0
45,0x0847d188,136,010d0d1802191900,f704c142dfbb
46,0x0847d210,72,011601181a140215,b7e754396eb1
47,0x0847d258,280,010d0001131a0118,f5d3e1fa98c5
48,0x0847d370,744,010b04181a030415,f0f35a02ba09
49,0x0847d658,104,0213021402151a01,ac0bbd9c8f79
50,0x0847d6c0,968,01130e01130e0100,6fc110b39125
51,0x0847da88,520,0115031401130001,8c2dc1039108
52,0x0847dc90,424,010d1b02151a0518,c701d2ebd60d
53,0x0847de38,96,0103180002150218,d9f9c444fedd
54,0x0847de98,56,011c011e000f0114,d6552477afcc
55,0x0847ded0,136,0b01151104000b01,42375cf0e08c
56,0x0847df58,56,010d1b02151a000c,56c6235e371d
57,0x0847df90,44,0b04011a000b1801,33094dabbf3f
58,0x0847dfbc,52,0c04000e03131400,c90265619d78
59,0x0847dff0,96,0118141e000b011a,a2b56c0e6316
60,0x0847e050,80,02150d000b050e0e,c64c9c36d362
61,0x0847e0a0,136,010218041916010c,05de27ff4271
62,0x0847e128,96,01130c0410041300,1f7814a6b1db
63,0x0847e188,112,0b011202000b0118,f887df455494
64,0x0847e1f8,772,01030d1900010318,eff6898f39b1
65,0x0847e4fc,60,0415030415000b04,1ba47b8f6246
66,0x0847e538,48,0e1304040d000f18,a7fad45baaf6
67,0x0847e568,40,0b0201000c011800,177716afc8d0
68,0x0847e590,64,03150d05191a1803,1d4d5e375b96
69,0x0847e5d0,128,010318000b020115,36568c897511
70,0x0847e650,60,0b1802010d000c13,8fccfd79d453
71,0x0847e68c,16,0b050f0016041301,200c32eb4197
72,0x0847e69c,40,0b051512000d011e,87a09613166d
73,0x0847e6c4,44,0113011814000b03,130a0990996a
74,0x0847e6f0,48,01191a021804030d,c00b7534ed56
75,0x0847e720,40,0d03181a00140405,a82f10259c99
76,0x0847e748,120,0213020c1a18030c,68ee268c2222
77,0x0847e7c0,84,0b18051910000c04,222197c34895
78,0x0847e814,52,020118131e000b03,bb63a2641d79
79,0x0847e848,64,01050c1a03041500,f6298f15384b
80,0x0847e888,160,020d031a04180301,6c1f6d05e055
81,0x0847e928,52,010318000e031910,111e6d5ee946
82,0x0847e95c,60,0b010b1e000b0202,2fe24ec0446e
83,0x0847e998,196,030c02000b011313,70f7d9babb8d
84,0x0847ea5c,44,010318000b041a1a,f4ebeff9e699
85,0x0847ea88,72,0b03180d000b0401,4c6008b59c84
86,0x0847ead0,80,0102180419041300,d8130aa59f3c
87,0x0847eb20,88,051a0313031a1e00,e0700ea5d7ea
88,0x0847eb78,200,01050d0304000115,1905b980a329
89,0x0847ec40,168,01151a031a180519,df52d9f5e457
90,0x0847ece8,88,010c030d000b011a,ce03162d1e23
91,0x0847ed40,24,01181400040e0e03,34b3ff291670
92,0x0847ed58,56,0b010b1e000b041d,5526f9e47452
93,0x0847ed90,72,011802010001190c,396b20faac06
94,0x0847edd8,88,01051a040f180116,3a4307ce29e6
95,0x0847ee30,80,0b011313000b0318,e97672a06af2
96,0x0847ee80,116,031516051a000405,0a3f99eb6707
97,0x0847eef4,52,0103180001130b05,21e4b06d394c
98,0x0847ef28,92,0102180416130115,bf934cf89239
99,0x0847ef84,44,0b050d0f021a000b,6ea30f5cca17
100,0x0847efb0,240,01180b0405180001,a1005d26da17
101,0x0847f0a0,84,040313000b011512,47eb37be5692
102,0x0847f0f4,48,01050d030400011a,84b2f405ab40
103,0x0847f124,36,010b04181a030415,90c7f7f25d61
104,0x0847f148,96,011a1a010c12000b,d19dd9cd17fd
105,0x0847f1a8,68,0212190003151605,e4c70e2b66f1
106,0x0847f1ec,36,0b011815000b1805,81b8e6bff361
107,0x0847f210,36,01150f0213000b04,b7d171466e9f
108,0x0847f234,64,021e020f13011919,87998cd0c4b5
109,0x0847f274,60,0b021b0213000b03,1a70b027afbd
110,0x0847f2b0,88,010f020002150c04,33438de95945
111,0x0847f308,88,0b040d1e000b0418,b44d51b06a81
112,0x0847f360,56,010318000b020100,b7d9ffab3f93
113,0x0847f398,36,0103180001181804,5713f6bd9c0d
114,0x0847f3bc,60,011b03011a041800,884c8bc58990
115,0x0847f3f8,88,040e0e030c020005,b7cff4e4ee7a
116,0x0847f450,72,0118140001181902,08de638dd8e2
117,0x0847f498,176,0115031401130001,841325e2e8c5
118,0x0847f548,312,010218041916010c,d099302f3263
119,0x0847f680,96,01051a040001051a,815ac68590d9
120,0x0847f6e0,56,01050d0304000116,d33fa8693911
121,0x0847f718,56,0b13041c000b1801,acffcb32358a
122,0x0847f750,84,011a1a02151a0304,b93c9ac6814a
123,0x0847f7a4,36,01180c0003151902,c75734454011
124,0x0847f7c8,48,021d161802191900,db2b70e81feb
125,0x0847f7f8,72,01191902140b131e,da0b1ad29b9b
126,0x0847f840,100,010b04181a030415,030a3e50ce5e
127,0x0847f8a4,68,0b01150d1e000b04,41a6b1c59dc8
128,0x0847f8e8,64,01050d0304000113,bc87bdf76f6b
129,0x0847f928,64,011503140113000b,458b0a72563e
130,0x0847f968,88,01180c000b13010c,78e7bf7cee6d
131,0x0847f9c0,184,01191902140b131e,13daa2848315
132,0x0847fa78,144,011a1a02150d0115,aa2b9ff68b8e
133,0x0847fb08,136,0115191c02180315,1b18d0f9bf16
134,0x0847fb90,104,01051a0400021d16,333bc5e351f8
135,0x0847fbf8,88,011601181a140215,41a0160a731d
136,0x0847fc50,80,010c0c02151a0002,03f0b961c5f1
137,0x0847fca0,40,0b011a10000d0404,36550db9d9ce
138,0x0847fcc8,72,020d031a0004161a,1ac7b6c391a0
139,0x0847fd10,72,02030f101a10000b,59939b7f016e
140,0x0847fd58,104,011601181a140215,5c34cfdd58eb
141,0x0847fdc0,80,02130b041c000b01,eeac9f567f54
142,0x0847fe10,56,040313000b020d00,93735b1322bb
143,0x0847fe48,104,0b04150d000c030f,3d052ea2d901
144,0x0847feb0,160,011515031b021819,c63b40ae6c4d
145,0x0847ff50,64,0b040b0b1e000b04,d1a5b73dda3c
146,0x0847ff90,72,0b03181a10000b18,84d581821633
147,0x0847ffd8,136,010c1a0304150001,ff8212b1742e
148,0x08480060,168,021d0c130114011a,63caf4a25a1d
149,0x08480108,48,0b020115000e0319,0ac6c6286da9
150,0x08480138,72,0116161302000b04,e8a610fd0120
151,0x08480180,80,0b010b1e000b0112,1624b8278001
152,0x084801d0,56,010318000b011a1a,0db606bdd3ec
153,0x08480208,176,011a1a031a050d02,07fd74f4ef57
154,0x084802b8,84,031519051801150c,4f9fe2293d6e
155,0x0848030c,64,0103180004031300,725ea0fe632f
156,0x0848034c,48,01181419000d040f,5bff1488ca44
157,0x0848037c,60,0b040412000c0118,eed161c59b0b
158,0x084803b8,156,010c0c0518010c1e,5fcd1f18b329
159,0x08480454,52,01181802191a0001,e4e51f58e809
160,0x08480488,48,1501031316041303,c3ee82ec3841
161,0x084804b8,96,010c0c030d02151a,a96d3babf75d
162,0x08480518,96,0b010c12000b030c,d15f1743f3d2
163,0x08480578,144,02130b041c000b01,f2e536e19382
164,0x08480608,112,01051a040001051a,ebfb7ab10635
165,0x08480678,40,0b01150d000b051f,9a8da31b0396
166,0x084806a0,72,0c041416051a0218,8be19c26be06
167,0x084806e8,80,03150e01151a000b,77555ba69bcd
168,0x08480738,152,03150e041814011a,5226bf550e02
169,0x084807d0,104,02150c1e0c130416,29d044ec0357
170,0x08480838,72,0115191c02180001,9e8a50cb272b
171,0x08480880,48,0b030f000c100201,918e8a514e9f
172,0x084808b0,168,010318000b051813,e612546f937e
173,0x08480958,48,0b020d000b130315,ce01bedbce55
174,0x08480988,112,01031800011a1a00,6768bdf4f1c6
175,0x084809f8,64,0b13040c12000d01,718828b2aa05
176,0x08480a38,104,010c0c030d02151a,6c9550486d6a
177,0x08480aa0,96,05140b1802131301,23e5ee9527d2
178,0x08480b00,144,01141a180112000b,1f6d0cba453f
179,0x08480b90,84,0b030b1302000c04,b56372e7a8fd
180,0x08480be4,52,01181a00040e0e03,9155489bef94
181,0x08480c18,368,01051a0403141405,a6595a20455c
182,0x08480d88,48,01050d0304000b01,ec5ec2f566ac
183,0x08480db8,200,01031800010c0c02,22acc248b550
184,0x08480e80,48,0b030f000b041a1a,bf67aa106436
185,0x08480eb0,72,040e0e030c02000b,09fab8a36ffd
186,0x08480ef8,84,010c030d00020f04,f2c72a84a904
187,0x08480f4c,52,051a0313031a1e00,cbe2a59e97a2
188,0x08480f80,68,021e02000b010c12,e87d15cde365
189,0x08480fc4,52,0b011e000b03180d,eecb79bf69e2
190,0x08480ff8,88,030c02000b011a10,685071f02dda
191,0x08481050,60,0103180001050d03,36d6c056dc2f
192,0x0848108c,60,020118000b020249,8828a334c2e4
193,0x084810c8,88,0b011301150c0200,8065bc2c1225
194,0x08481120,68,0213020c1a18030c,7a5ac7f31437
195,0x08481164,52,011818041c000401,a2faa5acb48b
196,0x08481198,80,0b040d1e000b1803,e67e3e61a661
197,0x084811e8,48,0e030c1a03041500,f76f40344b31
198,0x08481218,88,01051a041504141e,f7dee60c362e
199,0x08481270,524,010b100418180215,3c38972d682d
200,0x0848147c,44,0c04141401150d02,53c3c977df61
201,0x084814a8,256,010c1a041800010c,cc5c8ad6c063
202,0x084815a8,512,010c021a011a0200,0ddb7f77274b
203,0x084817a8,48,13021a0013021a19,a1564a471d37
204,0x084817d8,156,0b020215000c0405,7d20ebcf57b2
205,0x08481874,28,01180405150d0001,13b46f9b994b
206,0x08481890,192,010b04051a000118,2668aa7b1c57
207,0x08481950,384,02030f101a020215,79e94b6c9faa
208,0x08481ad0,80,011b02150502000b,c70f77697bcd
209,0x08481b20,144,030d02151a030e03,e5b437054f13
210,0x08481bb0,144,010c1a0001191904,3dcd04408ab7
211,0x08481c40,108,13031a1a13024818,0624f588f0e5
212,0x08481cac,44,031a0214000c0415,ff1bddbbb73b
213,0x08481cd8,232,01051a0414040b03,e847245fd084
214,0x08481dc0,248,011919030f151402,c2a5dda4273b
215,0x08481eb8,120,04051a13021a000b,2fa4eed2f778
216,0x08481f30,192,0118141e00030c02,e87fd65f0450
217,0x08481ff0,360,03150e0519021800,bf564f91e509
218,0x08482158,248,010c020001131302,ea897e646c02
219,0x08482250,160,010b05190200010b,7947cfec2421
220,0x084822f0,72,0b041e000b051903,8c7f50abd858
221,0x08482338,584,010c1a031b031a1e,8d9c6cd3e2fd
222,0x08482580,1032,0103131402151a00,487a9ab7c9f9
223,0x08482988,536,01151a1302180002,e3eaae3e66c0
224,0x08482ba0,64,021d160318011a03,de36967c4bdc
225,0x08482be0,56,01181a0004160218,faaadc197db0
226,0x08482c18,80,04031300041d1e0f,91f2b06e4526
227,0x08482c68,88,02150d000b03150d,57bfa5ce4f79
228,0x08482cc0,2256,010318480d180416,e7611cf696c1
229,0x08483590,21608,01030d19480c1803,cf4947748b1a
230,0x084889f8,1256,010d011449194801,519fe68fe378
231,0x08488ee0,480,01130c0410041348,1710796eddd9
232,0x084890c0,1456,01051a100418031a,9d9d29c6fa7e
233,0x08489670,56,0b04041a000c1304,ccdd59248ada
234,0x084896a8,1600,010b05190200010d,611c182821de
235,0x08489ce8,48,011e000212190002,3afd91ee2032
236,0x08489d18,248,010e1a0218150404,f988a5b45452
237,0x08489e10,52,0b010f000b031a00,8a03eafb3f77
238,0x08489e44,68,0113130002010c10,96eb46a0b498
239,0x08489e88,268,010d0d00010d0d02,3efc1c30fc35
240,0x08489f94,44,010d0d020d000d03,dbdc9202ac7d
241,0x08489fc0,160,03150d031b030d05,0704a39df75b
242,0x0848a060,440,01050f05191a0001,a32b395f8f32
243,0x0848a218,72,010b01150d041502,c4c9796e3910
244,0x0848a260,72,0b18041202150010,61e05c73fc21
245,0x0848a2a8,216,030d02151a030e03,ed36df595a7f
246,0x0848a380,104,011313000115041a,ea78c2f29c67
247,0x0848a3e8,264,011313041c000119,ba40c0b4805c
248,0x0848a4f0,232,010b0401180d0001,27d07f0d290c
249,0x0848a5d8,72,010e1a0218000114,82bdd9cc681d
250,0x0848a620,12,0105000d0219001b,2e2fb1310313
251,0x0848a62c,40,010e1a0218000515,02a0eb087bac
252,0x0848a654,52,01131a1004050f10,500f093aa9cd
253,0x0848a688,72,10041c021b021800,5f856bae3dee
254,0x0848a6d0,88,031a1902130e0004,a0e9a832a85e
255,0x0848a728,356,010c1000010c1200,d2987a099882
256,0x0848a88c,64,0113130002010c10,aabf4c435173
257,0x0848a8cc,44,0b0302151a041a00,7edb7226465c
258,0x0848a8f8,112,010c1a0001161602,ce5ec0508dbf
259,0x0848a968,40,0b021303021b0200,c84a31419a0e
260,0x0848a990,80,01131c011e190001,265db746feca
261,0x0848a9e0,296,020d050c011a0304,82a843851fa8
262,0x0848ab08,1272,01150f1800020118,c4048692528e
263,0x0848b000,96,0114161300011c01,df0f52ff0d75
264,0x0848b060,216,040d0d0004130d00,9bf3e05abe11
265,0x0848b138,2288,0105191a02180200,6a3be5617890
266,0x0848ba28,376,011302181a00011b,411ca389a4ad
267,0x0848bba0,240,010b130200010d18,3ee286b795d7
268,0x0848bc90,224,011515041e000116,c69e364c55ac
269,0x0848bd70,568,010d1b01150c0202,288df6494823
270,0x0848bfa8,88,010b130200030415,098c633c55fb
271,0x0848c000,520,0201181a10000b01,e93703dbad53
272,0x0848c208,1512,0103180c18010e1a,b819b2b64641
273,0x0848c7f0,160,0214021801130d19,b118fd636227
274,0x0848c890,120,01031a0c10000118,2eb97022d096
275,0x0848c908,408,0119140002020002,ece1caf8bb7c
276,0x0848caa0,360,01130f0102000115,f8bf2c782474
277,0x0848cc08,488,01051a0414011a01,cabfef83bd5e
278,0x0848cdf0,136,010b0d0414021500,28ca8843cb97
279,0x0848ce78,4064,01051a1002151a03,d8708375b8c4
280,0x0848de58,256,011302181a190005,cac8c293e55f
281,0x0848df58,1000,0118031902150001,7b819b92762b
282,0x0848e340,72,0b02151a000d1805,f1d49c72a71b
283,0x0848e388,352,011804190200011a,5d61cb1906ba
284,0x0848e4e8,116,011a1a0214161a00,2d078b2d29f4
285,0x0848e55c,60,0c101803191a000f,bad6f9e57aff
286,0x0848e598,368,0115011a04131e00,c57663597628
287,0x0848e708,312,01050f1402151a00,266b869e98c5
288,0x0848e840,1360,010d1803011a030c,d688a4b1e648
289,0x0848ed90,816,010b180201191a00,3d30ea4f1948
290,0x0848f0c0,144,0201191a1c01180d,f4b351750c68
291,0x0848f150,240,02030f101a000203,7963b830bfa8
292,0x0848f240,12584,0101180415000103,4709a6529187
293,0x08492368,204,0b020c0105190200,6059850cfc9f
294,0x08492434,28,010e1a0218000c01,d825f13ff51a
295,0x08492450,40,01140001150d0001,f1de66cd0d18
296,0x08492478,28,011404150f000516,46fc8b140b8c
297,0x08492494,52,0201191a000c011b,06c1d10e572d
298,0x084924c8,80,0f021a000f021a19,ef94b053bd1a
299,0x08492518,80,0b031a0013031a1a,c77bff4a4000
300,0x08492568,80,010b190413051a02,85f6f145c8ec
301,0x084925b8,144,011304150f481c03,ed4b4071719f
302,0x08492648,40,1203150d00120315,edb2bdcc5412
303,0x08492670,652,0105151a00010d14,123840532578
304,0x084928fc,56,0c04191a01000f18,eea7a3ceda78
305,0x08492934,52,01151e1a1003150f,c059cfed85a9
306,0x08492968,172,01131c011e190004,3d621416fc0b
307,0x08492a14,52,04150c0200190404,a2f8d7063c60
308,0x08492a48,160,010f010315000113,466cdcd18408
309,0x08492ae8,80,0118020003190003,dad7c9189104
310,0x08492b38,132,04150c02000c0114,6e18d65004e4
311,0x08492bbc,44,0b02191a0016020c,78c430678b26
312,0x08492be8,1224,010c1a00010c1a02,de8a2649ec6d
313,0x084930b0,336,040e0e0218020d00,06eedc557e17
314,0x08493200,128,0b04050f101a000b,01b780f6f319
315,0x08493280,88,010c1a0001161602,3a9791eac0fa
316,0x084932d8,248,010c1a00010c1a19,624fbfe67466
317,0x084933d0,128,0c011402000c0414,c1ede4812580
318,0x08493450,96,01151e1c10021802,a4e2ab736acf
319,0x084934b0,208,010b04051a00010b,fb99e3b539b6
320,0x08493580,128,05140b1802131301,9989e23d6d24
321,0x08493600,392,0b18020112000b18,9bae9f326b1e
322,0x08493788,168,021e0200021e0219,17af37b7a3bc
323,0x08493830,1224,0b0518191a000b05,eabc4407146e
324,0x08493cf8,664,0b010c12000b010c,e54b217dfe6a
325,0x08493f90,304,0c10020c12000c10,a34aede7d4d3
326,0x084940c0,340,0b031a0c10000b03,6b42ed6a9b6d
327,0x08494214,52,0c0118181e000c04,f2002f02c164
328,0x08494248,160,1302010d00130201,aaae7c0b6ca5
329,0x084942e8,400,0c011402000c0414,2dc3ee0969a3
330,0x08494478,352,0b04050f101a000b,efb2daa2c2af
331,0x084945d8,192,0c011402000c0414,31db33c203b8
332,0x08494698,48,011304150f000118,566df4280b05
333,0x084946c8,88,0f021a000f021a19,bea798d44a37
334,0x08494720,112,0e020213000e0202,30a5e02a4f01
335,0x08494790,4496,010c1705031a0001,27441ae681c1
336,0x08495920,504,01131303020d0001,73990d1c7987
337,0x08495b18,48,010c1003150f000d,cbb398de2ae6
338,0x08495b48,112,0c0213130513000c,f83cfefd7444
339,0x08495bb8,40,011303191a000118,396b8e40ab87
340,0x08495be0,36,05190218000c0215,1882e067f1c0
341,0x08495c04,60,14010c0301001401,e3a2ec8458c8
342,0x08495c40,64,0515030415000515,fd5925a25b70
343,0x08495c80,112,0515030c01140005,d5db3f4ba401
344,0x08495cf0,168,0515010b04140b00,2600603c9645
345,0x08495d98,256,0d02130103000d02,da41d2121b0f
346,0x08495e98,864,1802010c10001802,700a475df9ef
347,0x084961f8,1968,180201051d001802,95beea5190af
348,0x084969a8,368,01050d030413040f,a6836b647149
349,0x08496b18,4008,010218040b020001,baf727a5e279
350,0x08497ac0,576,0113051403150514,b8bb95279559
351,0x08497d00,384,01150d1802010d03,25709337f3a2
352,0x08497e80,776,0d02190418140201,d3a2d41500a5
353,0x08498188,3428,01180c0c04190315,d67abf6289ec
354,0x08498eec,36,0118031902150001,25e0a7723a17
355,0x08498f10,384,010b021300010b03,5b7b947ff0a1
356,0x08499090,692,02140b031a1a0218,87879b1a8f56
357,0x08499344,20,0c03180c05140e02,5be961e6d248
358,0x08499358,6208,010b041303191000,a3ad87b4c6d9
359,0x0849ab98,1000,1802010c1a030415,c46aea26cbb5
360,0x0849af80,3024,010b04051a00010c,1357ac9790bc
361,0x0849bb50,1136,01031800010b041b,88e3e168588c
362,0x0849bfc0,8,0516000000000000,41b36c054f33
363,0x0849bfc8,4384,010318020d011302,62e3e025d659
364,0x0849d0e8,496,010d03020500010f,d600e89e71c4
365,0x0849d2d8,1296,0113021104190001,61f19704546a
366,0x0849d7e8,840,0113011404190001,4bdf975f3d0c
367,0x0849db30,80,0b1801150d020319,1da0fc899743
368,0x0849db80,168,0103180219000115,e8e89f9dcc72
369,0x0849dc28,176,01151a031a100219,00fb87eed109
370,0x0849dcd8,96,011304021900040b,a6cf41aee353
371,0x0849dd38,264,010b051900010b19,04c912bbf044
372,0x0849de40,92,0b02130302000b04,10b5da43e2f3
373,0x0849de9c,36,011a1a010c10000b,81ced9c5ff22
374,0x0849dec0,192,021b02181e00030c,d8e6a0681a51
375,0x0849df80,56,021d000b04051815,04aecf86fa79
376,0x0849dfb8,280,01050c1200030c02,f53d051f877e
377,0x0849e0d0,160,010b13011f000114,de0525c60100
378,0x0849e170,400,010b05150d031f00,7b9c7e221555
379,0x0849e300,824,010b18010f00010c,21673e00a797
380,0x0849e638,760,0105191a02180001,342f37f6c01f
381,0x0849e930,432,0102191a10021a03,65a163202313
382,0x0849eae0,8664,0103140202000105,19e0791f3701
383,0x084a0cb8,312,0b04031919041515,8e2c14404f7b
384,0x084a0df0,144,010e0e1801150c10,04fb9a5346f0
385,0x084a0e80,8,0b041e0c041a1a00,5f9b2c5ed646
386,0x084a0e88,120,0215011402130002,21787396f926
387,0x084a0f00,16,02021803000c1003,dc1a81ff4c1f
388,0x084a0f10,88,0b01180415000c01,47143a010757
389,0x084a0f68,784,010118160001020d,64bf4b416507
390,0x084a1278,184,02030f101a10000f,559b86d0e99f
391,0x084a1330,492,010c180219000315,f239ad34be60
392,0x084a151c,56,010e1a0218000415,42c825f4871f
393,0x084a1554,60,0e18030d011e0014,56eae17f3116
394,0x084a1590,88,01050f05191a0001,bbcb5dd01192
395,0x084a15e8,136,06050f0006050f05,90d36021ec06
396,0x084a1670,180,061b00061b020006,0d3b2ee74b53
397,0x084a1724,28,2a07002a31002b2d,65a0278f0f16
398,0x084a1740,248,01050b0518150001,054f09ec22d3
399,0x084a1838,56,01151503191a0415,dc86eeea3e0c
400,0x084a1870,40,0b02151a0415000c,6dd91b0ca062
401,0x084a1898,60,0105180418010001,737a5329c7c1
402,0x084a18d4,48,0d041b0218000f02,3bf0ae5a207e
403,0x084a1904,24,1003130400100415,13e89ef7709b
404,0x084a191c,24,0b04031902000d49,2cd0172ffb7a
405,0x084a1934,56,05180b011501000c,31baed2a65e9
406,0x084a196c,40,01150d0218190415,92548c15b307
407,0x084a1994,56,0b04191a0415000c,c7f529a26156
408,0x084a19cc,60,010b02180d020215,334552fbc6c5
409,0x084a1a08,16,01050f05191a0100,144e79c9bbe3
410,0x084a1a18,32,0d021a1804031a00,96bf0ba958c5
411,0x084a1a38,28,0c10011813041a1a,3d70a9bd8887
412,0x084a1a54,32,0b03191401180c12,2efa271895f2
413,0x084a1a74,32,1202021502001302,344aec8d25b6
414,0x084a1a94,24,01140b041e001502,9bce7b238d81
415,0x084a1aac,52,01130114040f0418,80692e1003e5
416,0x084a1ae0,72,031a10010c010005,0d3b18fd0961
417,0x084a1b28,56,0112180415000c03,2cd9178622f5
418,0x084a1b60,40,0119101301150d00,91b5f97b4d1a
419,0x084a1b88,68,01131a0404150100,98880de1122f
420,0x084a1bcc,48,0c180115191a0415,a8fb8df3fe0e
421,0x084a1bfc,28,0b1804041203150f,a56e0d8e2c6d
422,0x084a1c18,48,0113021d01150d18,8a5987b3e345
423,0x084a1c48,72,04131e1416030100,0e74e644c992
424,0x084a1c90,24,0b020c1213021e00,7bf86f8d83dd
425,0x084a1ca8,144,0115011002031400,54ae45d3c37b
426,0x084a1d38,72,0b18030d0f021604,90a9db206f1b
427,0x084a1d80,20,0e180115120e0418,22774e2f8b3a
428,0x084a1d94,8,1304050319000000,989f7c7ba655
429,0x084a1d9c,60,0b0313041d03000f,8a0ccab29a08
430,0x084a1dd8,80,0b02151503150f1a,5c37458c7804
431,0x084a1e28,72,011601181a140215,6edcbecaf211
432,0x084a1e70,280,011601181a140215,83234fad4a61
433,0x084a1f88,96,07000701191a002a,73aadc982bc5
434,0x084a1fe8,40,071d1a00071d1a02,e8186dcec328
435,0x084a2010,288,010003150c100004,4c6ff8c4ea78
436,0x084a2130,400,010d1b0319020001,3353893280c3
437,0x084a22c0,304,010d14031a00010d,7bd95f1a7ba2
438,0x084a23f0,56,01131904000e0518,102b31e7ad70
439,0x084a2428,64,021d010c1a131e00,5fadad0962bb
440,0x084a2468,200,01131404191a0002,bbe2c8b79b6b
441,0x084a2530,68,02030f101a10000e,2c89784a0ce2
442,0x084a2574,44,0219170503180200,d753f584f19a
443,0x084a25a0,72,10041c021b021800,52878e545d44
444,0x084a25e8,72,010e1a0218480113,20f8e35236bf
445,0x084a2630,72,011948031a481c02,94319a3759f8
446,0x084a2678,416,010d14031a1a020d,ce0faa9a5d15
447,0x084a2818,316,010e1a0218480113,36d6ac5d2f9c
448,0x084a2954,44,011a4801151e4818,fc3ece0d414d
449,0x084a2980,72,021d0c1001150f02,9adf0eec2aaa
450,0x084a29c8,212,0b010b02000b050d,65fd54faaac2
451,0x084a2a9c,16,0d01181303150f00,c9fc1258abce
452,0x084a2aac,44,0f18010c02001003,3beb4bc542b5
453,0x084a2ad8,2168,0105191a18011303,1194f01920b2
454,0x084a3350,572,0213481901131b01,89980ecce323
455,0x084a358c,28,1105191a0015041c,a8c65aed98e0
456,0x084a35a8,1104,010c1215041c1302,c501cc24e790
457,0x084a39f8,1376,010d0d00010d0d02,ef6d9b452bf3
458,0x084a3f58,360,0211010c0513011a,95fcf8fac137
459,0x084a40c0,248,010d0d030c1a0001,3b06d1b49c4c
460,0x084a41b8,56,02151a1801150c02,d4075c3255cf
461,0x084a41f0,292,021d1604181a0002,eb6a4754550b
462,0x084a4314,20,1a180115190e0418,01b4d6ba8e7d
463,0x084a4328,72,010e0e18030c011a,6b57e8bd17f4
464,0x084a4370,208,010e0e031303011a,b85659b1b47c
465,0x084a4440,248,01131a021815011a,242126c2212b
466,0x084a4538,1912,01050f05191a0519,d19ae055080b
467,0x084a4cb0,116,02030f101a020215,76d90644b8a4
468,0x084a4d24,20,01151e1404180200,73bcc193d56d
469,0x084a4d38,832,01051a0416191e00,215b499fcd1a
470,0x084a5078,3536,01020f0201150001,5672ecb07519
471,0x084a5e48,208,010b190413051a02,d33de6fb013b
472,0x084a5f18,944,010b02180d020215,bc938e411661
473,0x084a62c8,536,011313020f100215,080ac7ca876c
474,0x084a64e0,864,01051a100418031a,3183d891ddd8
475,0x084a6840,132,011515031b021819,d8f36e19775d
476,0x084a68c4,68,011f02180b01030d,b6a4ab0f9163
477,0x084a6908,136,0113030215011a02,6dc10f4989b8
478,0x084a6990,360,010b18010c010d01,025277aad9ce
479,0x084a6af8,344,0213030f030b0313,81c234516695
480,0x084a6c50,392,01140b0513011a04,8e69ee2cbe9b
481,0x084a6dd8,2448,010b03150f0d0415,b6e9c36fbfb0
482,0x084a7768,2368,010b04051a00010b,70f89f586676
483,0x084a80a8,2824,010204150001051a,70a0ca40b29c
484,0x084a8bb0,128,0218140315020003,05ba752f0f04
485,0x084a8c30,80,01050f05191a0100,0042bfb4dbf4
486,0x084a8c80,3320,0102180416130115,73e92bf20305
487,0x084a9978,524,0213020c1a180413,efdff6fb399a
488,0x084a9b84,48,051602150d000516,778e5df8d0d5
489,0x084a9bb4,36,1002001002180010,7caac2ca2bdb
490,0x084a9bd8,88,0b0513011a041b03,ddc7de744938
491,0x084a9c30,56,0c040c0c0300191a,125a4935f7cf
492,0x084a9c68,1064,011501180c100001,71abbfa580a0
493,0x084aa090,352,0c010c10000c010c,797295facc99
494,0x084aa1f0,264,01180f1e13020001,dc96c15de77e
495,0x084aa2f8,196,01130f01020c030d,c08cedeae744
496,0x084aa3bc,44,0f05011801151a00,ae98dc9b9261
497,0x084aa3e8,24,0d04110400110411,afb16b28c704
498,0x084aa400,44,0b011101000b0118,9ac8791510a3
499,0x084aa42c,24,01130e001801130e,3df27546431a
500,0x084aa444,32,0b01151705021a00,b2f902f6fa8a
501,0x084aa464,12,1404151a02191705,02f0fc5699db
502,0x084aa470,48,0c0113030b180200,7a2c59327ff7
503,0x084aa4a0,300,0113021101150d18,9cc740886594
504,0x084aa5cc,40,01150d1802000c01,e608d0d2dedc
505,0x084aa5f4,60,0c1001191a021500,7429ffd4d825
506,0x084aa630,1440,010b05190200010c,e59fa5fcabe6
507,0x084aabd0,304,02160316101e1903,3de01b6ff65d
508,0x084aad00,88,011601181a100203,a34cf9179536
509,0x084aad58,40,0114040518000c04,44d77d861ce2
510,0x084aad80,56,010c18020004051a,0e5648308fb3
511,0x084aadb8,760,010d010f03040001,7d1129669e39
512,0x084ab0b0,624,010b021300010b18,f92756453fa1
513,0x084ab320,616,010f041500011301,56d3318c799b
514,0x084ab588,68,01130b01151e0001,d4a8e596f18a
515,0x084ab5cc,16,18020f0f01020019,a09d352c3c2b
516,0x084ab5dc,28,1705010d1801151a,93754599e0e6
517,0x084ab5f8,88,0116161301050d00,88be0a1b0511
518,0x084ab650,80,0105021800010b13,ecbf1c197bc4
519,0x084ab6a0,256,01130e18020d0400,ae1a312da5fe
520,0x084ab7a0,384,021303041a000213,604fc0af1e3a
521,0x084ab920,64,0d020e020c1a0018,58f155f81ab3
522,0x084ab960,800,010c140200010c15,1bd3db4e2170
523,0x084abc80,432,02150d02011b0418,e44fe5c847ee
524,0x084abe30,68,0b020118000b1802,13c5e32064fd
525,0x084abe74,40,02190c1002011a00,78a4a8fb2165
526,0x084abe9c,24,1002011812021500,aececcea3502
527,0x084abeb4,36,02191a0202000d02,0526e0b7a45d
528,0x084abed8,60,02031802000e0203,e7255c734342
529,0x084abf14,64,011601181a100203,fc22c8c81928
530,0x084abf54,52,0b0315021a000b04,082314b42cbd
531,0x084abf88,1616,010d1b030c020001,b868b0c462ba
532,0x084ac5d8,488,011403180001151a,6ac4bd9fb2c2
533,0x084ac7c0,216,011a1a0313010004,11459961e584
534,0x084ac898,28,0b18030200121303,b49c39144802
535,0x084ac8b4,48,161804161803021a,2e520f97d371
536,0x084ac8e4,20,0c10030200110302,c1997ca25009
537,0x084ac8f8,1312,01150c10041b1e00,22bf622f6d05
538,0x084ace18,416,010b041b0200010c,1ff499c5bbe2
539,0x084acfb8,160,010c0c04191a0002,8c9025d0537b
540,0x084ad058,96,010d040001161618,e18aaf0968cd
541,0x084ad0b8,120,03141618041b031f,f3f6a7aacdb2
542,0x084ad130,24,0313130315040319,c4a5c9f6f193
543,0x084ad148,208,010c0405191a030c,0db4c55878b8
544,0x084ad218,96,0c0405151a181e00,ee79d6191763
545,0x084ad278,20,0e13040518001904,819bd820b45a
546,0x084ad28c,12,1804190215041c00,1501a42c1c22
547,0x084ad298,272,0114011505021519,4ad26cc0fc33
548,0x084ad3a8,192,01140b0519100003,59a53a583ce3
549,0x084ad468,120,011f0314051a1000,2cfc5d83b6f9
550,0x084ad4e0,168,0115040d1e150200,e4cc2980a950
551,0x084ad588,72,02140b181e040002,865b43fd3b33
552,0x084ad5d0,4096,0c10181e19011303,b021345f4b71
